score,Count,Percentage (%)
0.0,328,32.800000000000004
0.5,190,19.0
1.0,482,48.199999999999996
