score,Count,Percentage (%)
0.0,282,28.199999999999996
0.5,153,15.299999999999999
1.0,565,56.49999999999999
